Strategy,TotalTimeSeconds,DeltaToBest
Conservative,4860.26487017053,0.0
Aggressive 1-Stop,4867.3625296016835,7.097659431153261
Balanced 2-Stop,4876.241377105279,15.976506934748613
